Temperature,Year,Statistics,Country,ISO3
3.4769300000000003,1901,Feb Average,Spain,ESP
6.1790400000000005,1902,Feb Average,Spain,ESP
6.64328,1903,Feb Average,Spain,ESP
6.34141,1904,Feb Average,Spain,ESP
4.65757,1905,Feb Average,Spain,ESP
4.81492,1906,Feb Average,Spain,ESP
4.4427699999999986,1907,Feb Average,Spain,ESP
5.9390800000000015,1908,Feb Average,Spain,ESP
4.12964,1909,Feb Average,Spain,ESP
7.053210000000001,1910,Feb Average,Spain,ESP
6.08375,1911,Feb Average,Spain,ESP
8.18863,1912,Feb Average,Spain,ESP
5.992369999999998,1913,Feb Average,Spain,ESP
6.98159,1914,Feb Average,Spain,ESP
5.30737,1915,Feb Average,Spain,ESP
5.76071,1916,Feb Average,Spain,ESP
5.07843,1917,Feb Average,Spain,ESP
6.1155800000000005,1918,Feb Average,Spain,ESP
7.14911,1919,Feb Average,Spain,ESP
6.7621600000000015,1920,Feb Average,Spain,ESP
5.9455800000000005,1921,Feb Average,Spain,ESP
6.697030000000002,1922,Feb Average,Spain,ESP
6.81195,1923,Feb Average,Spain,ESP
3.942180000000001,1924,Feb Average,Spain,ESP
5.53929,1925,Feb Average,Spain,ESP
9.08244,1926,Feb Average,Spain,ESP
5.68283,1927,Feb Average,Spain,ESP
7.332839999999999,1928,Feb Average,Spain,ESP
6.0955900000000005,1929,Feb Average,Spain,ESP
4.1435,1930,Feb Average,Spain,ESP
5.74316,1931,Feb Average,Spain,ESP
3.87042,1932,Feb Average,Spain,ESP
5.70993,1933,Feb Average,Spain,ESP
4.81365,1934,Feb Average,Spain,ESP
5.4558800000000005,1935,Feb Average,Spain,ESP
7.4988899999999985,1936,Feb Average,Spain,ESP
7.98993,1937,Feb Average,Spain,ESP
4.8879199999999985,1938,Feb Average,Spain,ESP
6.36964,1939,Feb Average,Spain,ESP
7.8031,1940,Feb Average,Spain,ESP
6.9203,1941,Feb Average,Spain,ESP
3.95172,1942,Feb Average,Spain,ESP
6.3044,1943,Feb Average,Spain,ESP
4.07762,1944,Feb Average,Spain,ESP
7.167489999999999,1945,Feb Average,Spain,ESP
6.85977,1946,Feb Average,Spain,ESP
6.1192,1947,Feb Average,Spain,ESP
7.0594,1948,Feb Average,Spain,ESP
6.62553,1949,Feb Average,Spain,ESP
7.33455,1950,Feb Average,Spain,ESP
5.71149,1951,Feb Average,Spain,ESP
5.71638,1952,Feb Average,Spain,ESP
4.8941300000000005,1953,Feb Average,Spain,ESP
4.96166,1954,Feb Average,Spain,ESP
6.78432,1955,Feb Average,Spain,ESP
2.77855,1956,Feb Average,Spain,ESP
7.95567,1957,Feb Average,Spain,ESP
7.89503,1958,Feb Average,Spain,ESP
6.17884,1959,Feb Average,Spain,ESP
6.9887,1960,Feb Average,Spain,ESP
8.95374,1961,Feb Average,Spain,ESP
6.12656,1962,Feb Average,Spain,ESP
4.33596,1963,Feb Average,Spain,ESP
7.1501100000000015,1964,Feb Average,Spain,ESP
4.40289,1965,Feb Average,Spain,ESP
8.6089,1966,Feb Average,Spain,ESP
6.7646,1967,Feb Average,Spain,ESP
6.814610000000001,1968,Feb Average,Spain,ESP
5.00936,1969,Feb Average,Spain,ESP
6.7404600000000015,1970,Feb Average,Spain,ESP
6.92397,1971,Feb Average,Spain,ESP
6.68629,1972,Feb Average,Spain,ESP
5.81027,1973,Feb Average,Spain,ESP
6.21175,1974,Feb Average,Spain,ESP
7.38859,1975,Feb Average,Spain,ESP
6.957000000000002,1976,Feb Average,Spain,ESP
7.974539999999998,1977,Feb Average,Spain,ESP
7.81312,1978,Feb Average,Spain,ESP
7.284560000000001,1979,Feb Average,Spain,ESP
7.6324,1980,Feb Average,Spain,ESP
5.6485699999999985,1981,Feb Average,Spain,ESP
7.28555,1982,Feb Average,Spain,ESP
5.09236,1983,Feb Average,Spain,ESP
6.0793,1984,Feb Average,Spain,ESP
8.27396,1985,Feb Average,Spain,ESP
5.8051,1986,Feb Average,Spain,ESP
6.78482,1987,Feb Average,Spain,ESP
6.8079399999999985,1988,Feb Average,Spain,ESP
7.58661,1989,Feb Average,Spain,ESP
9.80763,1990,Feb Average,Spain,ESP
5.51411,1991,Feb Average,Spain,ESP
6.51471,1992,Feb Average,Spain,ESP
6.34557,1993,Feb Average,Spain,ESP
6.92937,1994,Feb Average,Spain,ESP
8.42585,1995,Feb Average,Spain,ESP
5.91913,1996,Feb Average,Spain,ESP
8.98203,1997,Feb Average,Spain,ESP
8.64435,1998,Feb Average,Spain,ESP
6.4598900000000015,1999,Feb Average,Spain,ESP
9.04715,2000,Feb Average,Spain,ESP
7.74297,2001,Feb Average,Spain,ESP
8.16887,2002,Feb Average,Spain,ESP
6.12793,2003,Feb Average,Spain,ESP
6.966360000000001,2004,Feb Average,Spain,ESP
4.5911800000000005,2005,Feb Average,Spain,ESP
5.80599,2006,Feb Average,Spain,ESP
8.77988,2007,Feb Average,Spain,ESP
8.774569999999999,2008,Feb Average,Spain,ESP
6.7889,2009,Feb Average,Spain,ESP
6.31419,2010,Feb Average,Spain,ESP
7.29801,2011,Feb Average,Spain,ESP
4.9040599999999985,2012,Feb Average,Spain,ESP
6.30821,2013,Feb Average,Spain,ESP
7.50248,2014,Feb Average,Spain,ESP
6.33092,2015,Feb Average,Spain,ESP
7.97624,2016,Feb Average,Spain,ESP
-2.8729,1901,Feb Average,Luxembourg,LUX
-0.309,1902,Feb Average,Luxembourg,LUX
4.1607400000000005,1903,Feb Average,Luxembourg,LUX
2.04165,1904,Feb Average,Luxembourg,LUX
2.17771,1905,Feb Average,Luxembourg,LUX
0.7259399999999999,1906,Feb Average,Luxembourg,LUX
-0.6119,1907,Feb Average,Luxembourg,LUX
2.34104,1908,Feb Average,Luxembourg,LUX
-0.4452,1909,Feb Average,Luxembourg,LUX
3.27678,1910,Feb Average,Luxembourg,LUX
2.51522,1911,Feb Average,Luxembourg,LUX
4.37432,1912,Feb Average,Luxembourg,LUX
2.77206,1913,Feb Average,Luxembourg,LUX
4.85069,1914,Feb Average,Luxembourg,LUX
2.49628,1915,Feb Average,Luxembourg,LUX
2.56427,1916,Feb Average,Luxembourg,LUX
-2.391,1917,Feb Average,Luxembourg,LUX
3.3099199999999995,1918,Feb Average,Luxembourg,LUX
0.536,1919,Feb Average,Luxembourg,LUX
4.62868,1920,Feb Average,Luxembourg,LUX
2.58395,1921,Feb Average,Luxembourg,LUX
1.38174,1922,Feb Average,Luxembourg,LUX
3.69609,1923,Feb Average,Luxembourg,LUX
-0.4052,1924,Feb Average,Luxembourg,LUX
4.4844800000000005,1925,Feb Average,Luxembourg,LUX
6.37582,1926,Feb Average,Luxembourg,LUX
2.3879900000000003,1927,Feb Average,Luxembourg,LUX
4.0383,1928,Feb Average,Luxembourg,LUX
-4.9315,1929,Feb Average,Luxembourg,LUX
1.2644799999999998,1930,Feb Average,Luxembourg,LUX
0.44751,1931,Feb Average,Luxembourg,LUX
-0.3697,1932,Feb Average,Luxembourg,LUX
1.7594599999999998,1933,Feb Average,Luxembourg,LUX
1.47248,1934,Feb Average,Luxembourg,LUX
3.19992,1935,Feb Average,Luxembourg,LUX
1.4654,1936,Feb Average,Luxembourg,LUX
4.24777,1937,Feb Average,Luxembourg,LUX
2.13157,1938,Feb Average,Luxembourg,LUX
2.5353,1939,Feb Average,Luxembourg,LUX
-0.2432,1940,Feb Average,Luxembourg,LUX
1.3668,1941,Feb Average,Luxembourg,LUX
-4.2932,1942,Feb Average,Luxembourg,LUX
3.59897,1943,Feb Average,Luxembourg,LUX
0.06272,1944,Feb Average,Luxembourg,LUX
5.21968,1945,Feb Average,Luxembourg,LUX
4.04969,1946,Feb Average,Luxembourg,LUX
-3.5024,1947,Feb Average,Luxembourg,LUX
2.07615,1948,Feb Average,Luxembourg,LUX
3.11104,1949,Feb Average,Luxembourg,LUX
4.72495,1950,Feb Average,Luxembourg,LUX
3.10669,1951,Feb Average,Luxembourg,LUX
0.58662,1952,Feb Average,Luxembourg,LUX
0.8581200000000001,1953,Feb Average,Luxembourg,LUX
-1.029,1954,Feb Average,Luxembourg,LUX
-0.2903,1955,Feb Average,Luxembourg,LUX
-5.3032,1956,Feb Average,Luxembourg,LUX
4.84144,1957,Feb Average,Luxembourg,LUX
3.3846199999999995,1958,Feb Average,Luxembourg,LUX
0.5593199999999999,1959,Feb Average,Luxembourg,LUX
2.47972,1960,Feb Average,Luxembourg,LUX
5.50661,1961,Feb Average,Luxembourg,LUX
1.29997,1962,Feb Average,Luxembourg,LUX
-4.1639,1963,Feb Average,Luxembourg,LUX
2.87031,1964,Feb Average,Luxembourg,LUX
-0.3670000000000001,1965,Feb Average,Luxembourg,LUX
5.6596199999999985,1966,Feb Average,Luxembourg,LUX
3.72077,1967,Feb Average,Luxembourg,LUX
1.45679,1968,Feb Average,Luxembourg,LUX
-0.8562,1969,Feb Average,Luxembourg,LUX
0.77668,1970,Feb Average,Luxembourg,LUX
2.31328,1971,Feb Average,Luxembourg,LUX
3.46579,1972,Feb Average,Luxembourg,LUX
1.45974,1973,Feb Average,Luxembourg,LUX
3.86777,1974,Feb Average,Luxembourg,LUX
2.65849,1975,Feb Average,Luxembourg,LUX
1.78017,1976,Feb Average,Luxembourg,LUX
4.42937,1977,Feb Average,Luxembourg,LUX
0.14425,1978,Feb Average,Luxembourg,LUX
-0.1237,1979,Feb Average,Luxembourg,LUX
4.18361,1980,Feb Average,Luxembourg,LUX
0.20868,1981,Feb Average,Luxembourg,LUX
1.67389,1982,Feb Average,Luxembourg,LUX
-0.3566,1983,Feb Average,Luxembourg,LUX
1.13269,1984,Feb Average,Luxembourg,LUX
-1.2253,1985,Feb Average,Luxembourg,LUX
-4.9375,1986,Feb Average,Luxembourg,LUX
0.85285,1987,Feb Average,Luxembourg,LUX
2.84219,1988,Feb Average,Luxembourg,LUX
3.35795,1989,Feb Average,Luxembourg,LUX
6.56468,1990,Feb Average,Luxembourg,LUX
-1.3817,1991,Feb Average,Luxembourg,LUX
3.3772900000000003,1992,Feb Average,Luxembourg,LUX
0.15359,1993,Feb Average,Luxembourg,LUX
1.6612900000000002,1994,Feb Average,Luxembourg,LUX
5.52517,1995,Feb Average,Luxembourg,LUX
-0.0581,1996,Feb Average,Luxembourg,LUX
5.03522,1997,Feb Average,Luxembourg,LUX
4.37771,1998,Feb Average,Luxembourg,LUX
1.78373,1999,Feb Average,Luxembourg,LUX
4.66655,2000,Feb Average,Luxembourg,LUX
3.77913,2001,Feb Average,Luxembourg,LUX
6.0340099999999985,2002,Feb Average,Luxembourg,LUX
0.84296,2003,Feb Average,Luxembourg,LUX
3.47683,2004,Feb Average,Luxembourg,LUX
0.44895,2005,Feb Average,Luxembourg,LUX
1.05127,2006,Feb Average,Luxembourg,LUX
5.3364699999999985,2007,Feb Average,Luxembourg,LUX
4.34775,2008,Feb Average,Luxembourg,LUX
1.98316,2009,Feb Average,Luxembourg,LUX
1.3065,2010,Feb Average,Luxembourg,LUX
3.40731,2011,Feb Average,Luxembourg,LUX
-1.1169,2012,Feb Average,Luxembourg,LUX
0.09522,2013,Feb Average,Luxembourg,LUX
5.17801,2014,Feb Average,Luxembourg,LUX
1.88106,2015,Feb Average,Luxembourg,LUX
3.90896,2016,Feb Average,Luxembourg,LUX
5.23412,1901,Feb Average,Greece,GRC
8.27796,1902,Feb Average,Greece,GRC
6.36022,1903,Feb Average,Greece,GRC
8.355039999999999,1904,Feb Average,Greece,GRC
3.37115,1905,Feb Average,Greece,GRC
5.62363,1906,Feb Average,Greece,GRC
3.38811,1907,Feb Average,Greece,GRC
5.5182699999999985,1908,Feb Average,Greece,GRC
2.14462,1909,Feb Average,Greece,GRC
7.75599,1910,Feb Average,Greece,GRC
2.63055,1911,Feb Average,Greece,GRC
7.75672,1912,Feb Average,Greece,GRC
3.89866,1913,Feb Average,Greece,GRC
5.5011,1914,Feb Average,Greece,GRC
6.37263,1915,Feb Average,Greece,GRC
6.27193,1916,Feb Average,Greece,GRC
3.93824,1917,Feb Average,Greece,GRC
4.5248,1918,Feb Average,Greece,GRC
6.40094,1919,Feb Average,Greece,GRC
3.88076,1920,Feb Average,Greece,GRC
4.2051300000000005,1921,Feb Average,Greece,GRC
4.809080000000002,1922,Feb Average,Greece,GRC
6.3799800000000015,1923,Feb Average,Greece,GRC
5.36947,1924,Feb Average,Greece,GRC
8.39744,1925,Feb Average,Greece,GRC
7.91443,1926,Feb Average,Greece,GRC
3.93735,1927,Feb Average,Greece,GRC
4.02134,1928,Feb Average,Greece,GRC
1.60833,1929,Feb Average,Greece,GRC
5.4195699999999984,1930,Feb Average,Greece,GRC
6.05955,1931,Feb Average,Greece,GRC
1.93559,1932,Feb Average,Greece,GRC
5.94861,1933,Feb Average,Greece,GRC
3.63627,1934,Feb Average,Greece,GRC
5.76583,1935,Feb Average,Greece,GRC
7.009410000000001,1936,Feb Average,Greece,GRC
7.31475,1937,Feb Average,Greece,GRC
4.91748,1938,Feb Average,Greece,GRC
6.05402,1939,Feb Average,Greece,GRC
5.65907,1940,Feb Average,Greece,GRC
8.52171,1941,Feb Average,Greece,GRC
5.06038,1942,Feb Average,Greece,GRC
5.48101,1943,Feb Average,Greece,GRC
5.5988,1944,Feb Average,Greece,GRC
4.3999,1945,Feb Average,Greece,GRC
5.5499800000000015,1946,Feb Average,Greece,GRC
6.9889100000000015,1947,Feb Average,Greece,GRC
4.7591800000000015,1948,Feb Average,Greece,GRC
4.32369,1949,Feb Average,Greece,GRC
6.26216,1950,Feb Average,Greece,GRC
7.77793,1951,Feb Average,Greece,GRC
5.5883400000000005,1952,Feb Average,Greece,GRC
6.25667,1953,Feb Average,Greece,GRC
3.37386,1954,Feb Average,Greece,GRC
9.5648,1955,Feb Average,Greece,GRC
3.65869,1956,Feb Average,Greece,GRC
7.427789999999999,1957,Feb Average,Greece,GRC
8.02073,1958,Feb Average,Greece,GRC
3.754680000000001,1959,Feb Average,Greece,GRC
6.916289999999999,1960,Feb Average,Greece,GRC
5.05917,1961,Feb Average,Greece,GRC
4.79836,1962,Feb Average,Greece,GRC
6.65262,1963,Feb Average,Greece,GRC
5.01791,1964,Feb Average,Greece,GRC
3.2859199999999995,1965,Feb Average,Greece,GRC
8.92497,1966,Feb Average,Greece,GRC
4.47213,1967,Feb Average,Greece,GRC
6.96813,1968,Feb Average,Greece,GRC
7.018510000000001,1969,Feb Average,Greece,GRC
7.07618,1970,Feb Average,Greece,GRC
5.58095,1971,Feb Average,Greece,GRC
6.13876,1972,Feb Average,Greece,GRC
6.39342,1973,Feb Average,Greece,GRC
6.9157899999999985,1974,Feb Average,Greece,GRC
4.4189,1975,Feb Average,Greece,GRC
4.713,1976,Feb Average,Greece,GRC
8.97387,1977,Feb Average,Greece,GRC
7.12783,1978,Feb Average,Greece,GRC
7.01777,1979,Feb Average,Greece,GRC
4.81417,1980,Feb Average,Greece,GRC
5.1767,1981,Feb Average,Greece,GRC
4.0880800000000015,1982,Feb Average,Greece,GRC
4.02879,1983,Feb Average,Greece,GRC
6.01778,1984,Feb Average,Greece,GRC
3.32372,1985,Feb Average,Greece,GRC
5.9582,1986,Feb Average,Greece,GRC
6.57722,1987,Feb Average,Greece,GRC
5.86569,1988,Feb Average,Greece,GRC
6.3136,1989,Feb Average,Greece,GRC
7.0826699999999985,1990,Feb Average,Greece,GRC
5.09455,1991,Feb Average,Greece,GRC
3.95993,1992,Feb Average,Greece,GRC
3.36861,1993,Feb Average,Greece,GRC
6.03419,1994,Feb Average,Greece,GRC
7.71415,1995,Feb Average,Greece,GRC
5.0996,1996,Feb Average,Greece,GRC
5.8835,1997,Feb Average,Greece,GRC
7.2046800000000015,1998,Feb Average,Greece,GRC
5.36324,1999,Feb Average,Greece,GRC
5.94456,2000,Feb Average,Greece,GRC
6.65849,2001,Feb Average,Greece,GRC
8.36042,2002,Feb Average,Greece,GRC
2.29013,2003,Feb Average,Greece,GRC
5.90388,2004,Feb Average,Greece,GRC
4.34906,2005,Feb Average,Greece,GRC
5.41945,2006,Feb Average,Greece,GRC
6.69923,2007,Feb Average,Greece,GRC
5.60921,2008,Feb Average,Greece,GRC
5.52956,2009,Feb Average,Greece,GRC
7.47473,2010,Feb Average,Greece,GRC
5.98581,2011,Feb Average,Greece,GRC
4.01973,2012,Feb Average,Greece,GRC
7.1486,2013,Feb Average,Greece,GRC
8.1539,2014,Feb Average,Greece,GRC
5.81233,2015,Feb Average,Greece,GRC
9.91884,2016,Feb Average,Greece,GRC
3.09612,1901,Feb Average,Ireland,IRL
3.11647,1902,Feb Average,Ireland,IRL
6.9186,1903,Feb Average,Ireland,IRL
3.73489,1904,Feb Average,Ireland,IRL
5.22429,1905,Feb Average,Ireland,IRL
3.54592,1906,Feb Average,Ireland,IRL
3.66831,1907,Feb Average,Ireland,IRL
6.23498,1908,Feb Average,Ireland,IRL
4.930630000000002,1909,Feb Average,Ireland,IRL
4.87823,1910,Feb Average,Ireland,IRL
5.05592,1911,Feb Average,Ireland,IRL
5.32986,1912,Feb Average,Ireland,IRL
5.20874,1913,Feb Average,Ireland,IRL
6.24456,1914,Feb Average,Ireland,IRL
3.73541,1915,Feb Average,Ireland,IRL
3.81999,1916,Feb Average,Ireland,IRL
2.74129,1917,Feb Average,Ireland,IRL
7.1341899999999985,1918,Feb Average,Ireland,IRL
3.60761,1919,Feb Average,Ireland,IRL
6.4917099999999985,1920,Feb Average,Ireland,IRL
5.59777,1921,Feb Average,Ireland,IRL
5.8101,1922,Feb Average,Ireland,IRL
6.13885,1923,Feb Average,Ireland,IRL
4.58943,1924,Feb Average,Ireland,IRL
4.60282,1925,Feb Average,Ireland,IRL
6.82563,1926,Feb Average,Ireland,IRL
5.57372,1927,Feb Average,Ireland,IRL
6.51969,1928,Feb Average,Ireland,IRL
4.35184,1929,Feb Average,Ireland,IRL
2.50306,1930,Feb Average,Ireland,IRL
4.83871,1931,Feb Average,Ireland,IRL
4.49474,1932,Feb Average,Ireland,IRL
4.68736,1933,Feb Average,Ireland,IRL
5.09477,1934,Feb Average,Ireland,IRL
5.91678,1935,Feb Average,Ireland,IRL
4.39147,1936,Feb Average,Ireland,IRL
5.38646,1937,Feb Average,Ireland,IRL
5.68013,1938,Feb Average,Ireland,IRL
6.4161199999999985,1939,Feb Average,Ireland,IRL
5.25978,1940,Feb Average,Ireland,IRL
3.95635,1941,Feb Average,Ireland,IRL
3.23101,1942,Feb Average,Ireland,IRL
6.8125100000000005,1943,Feb Average,Ireland,IRL
4.80043,1944,Feb Average,Ireland,IRL
7.390510000000001,1945,Feb Average,Ireland,IRL
6.36771,1946,Feb Average,Ireland,IRL
0.50549,1947,Feb Average,Ireland,IRL
5.41635,1948,Feb Average,Ireland,IRL
6.77878,1949,Feb Average,Ireland,IRL
5.28671,1950,Feb Average,Ireland,IRL
3.2968,1951,Feb Average,Ireland,IRL
4.5982699999999985,1952,Feb Average,Ireland,IRL
5.6062400000000014,1953,Feb Average,Ireland,IRL
4.22225,1954,Feb Average,Ireland,IRL
2.02637,1955,Feb Average,Ireland,IRL
2.1811700000000003,1956,Feb Average,Ireland,IRL
5.05653,1957,Feb Average,Ireland,IRL
5.5116,1958,Feb Average,Ireland,IRL
6.35251,1959,Feb Average,Ireland,IRL
3.72573,1960,Feb Average,Ireland,IRL
7.3650699999999985,1961,Feb Average,Ireland,IRL
5.28604,1962,Feb Average,Ireland,IRL
1.93452,1963,Feb Average,Ireland,IRL
5.19914,1964,Feb Average,Ireland,IRL
3.55776,1965,Feb Average,Ireland,IRL
6.24941,1966,Feb Average,Ireland,IRL
5.32469,1967,Feb Average,Ireland,IRL
2.62312,1968,Feb Average,Ireland,IRL
1.93255,1969,Feb Average,Ireland,IRL
3.67512,1970,Feb Average,Ireland,IRL
5.62622,1971,Feb Average,Ireland,IRL
4.94003,1972,Feb Average,Ireland,IRL
5.22735,1973,Feb Average,Ireland,IRL
5.5351599999999985,1974,Feb Average,Ireland,IRL
6.2506900000000005,1975,Feb Average,Ireland,IRL
5.45801,1976,Feb Average,Ireland,IRL
5.02135,1977,Feb Average,Ireland,IRL
3.7866,1978,Feb Average,Ireland,IRL
3.03677,1979,Feb Average,Ireland,IRL
5.8827099999999986,1980,Feb Average,Ireland,IRL
4.79258,1981,Feb Average,Ireland,IRL
5.93549,1982,Feb Average,Ireland,IRL
3.28622,1983,Feb Average,Ireland,IRL
5.3867400000000005,1984,Feb Average,Ireland,IRL
4.76167,1985,Feb Average,Ireland,IRL
1.10844,1986,Feb Average,Ireland,IRL
4.53867,1987,Feb Average,Ireland,IRL
4.76854,1988,Feb Average,Ireland,IRL
6.0026,1989,Feb Average,Ireland,IRL
6.30886,1990,Feb Average,Ireland,IRL
3.40125,1991,Feb Average,Ireland,IRL
6.29051,1992,Feb Average,Ireland,IRL
6.49864,1993,Feb Average,Ireland,IRL
4.46257,1994,Feb Average,Ireland,IRL
6.09826,1995,Feb Average,Ireland,IRL
3.86292,1996,Feb Average,Ireland,IRL
6.27963,1997,Feb Average,Ireland,IRL
7.75915,1998,Feb Average,Ireland,IRL
6.18007,1999,Feb Average,Ireland,IRL
6.37357,2000,Feb Average,Ireland,IRL
4.72727,2001,Feb Average,Ireland,IRL
6.49325,2002,Feb Average,Ireland,IRL
5.3308800000000005,2003,Feb Average,Ireland,IRL
5.35369,2004,Feb Average,Ireland,IRL
5.00175,2005,Feb Average,Ireland,IRL
5.192830000000002,2006,Feb Average,Ireland,IRL
5.88093,2007,Feb Average,Ireland,IRL
6.09554,2008,Feb Average,Ireland,IRL
5.22779,2009,Feb Average,Ireland,IRL
2.86393,2010,Feb Average,Ireland,IRL
6.45207,2011,Feb Average,Ireland,IRL
6.84726,2012,Feb Average,Ireland,IRL
4.6858,2013,Feb Average,Ireland,IRL
5.28644,2014,Feb Average,Ireland,IRL
4.5761400000000005,2015,Feb Average,Ireland,IRL
4.8137,2016,Feb Average,Ireland,IRL
-2.7754,1901,Feb Average,Denmark,DNK
-1.9912,1902,Feb Average,Denmark,DNK
2.81016,1903,Feb Average,Denmark,DNK
-0.7087,1904,Feb Average,Denmark,DNK
1.26136,1905,Feb Average,Denmark,DNK
0.52422,1906,Feb Average,Denmark,DNK
-0.9127,1907,Feb Average,Denmark,DNK
1.84352,1908,Feb Average,Denmark,DNK
-1.7722,1909,Feb Average,Denmark,DNK
1.72853,1910,Feb Average,Denmark,DNK
1.47536,1911,Feb Average,Denmark,DNK
-1.3018,1912,Feb Average,Denmark,DNK
1.5911799999999998,1913,Feb Average,Denmark,DNK
3.33239,1914,Feb Average,Denmark,DNK
0.45228,1915,Feb Average,Denmark,DNK
0.33586,1916,Feb Average,Denmark,DNK
-1.9317,1917,Feb Average,Denmark,DNK
0.5109600000000001,1918,Feb Average,Denmark,DNK
-1.4931,1919,Feb Average,Denmark,DNK
2.46526,1920,Feb Average,Denmark,DNK
1.65153,1921,Feb Average,Denmark,DNK
-2.5076,1922,Feb Average,Denmark,DNK
-1.2243,1923,Feb Average,Denmark,DNK
-2.35,1924,Feb Average,Denmark,DNK
2.92827,1925,Feb Average,Denmark,DNK
0.13433,1926,Feb Average,Denmark,DNK
0.7458,1927,Feb Average,Denmark,DNK
1.50767,1928,Feb Average,Denmark,DNK
-6.5064,1929,Feb Average,Denmark,DNK
-0.3592,1930,Feb Average,Denmark,DNK
-0.8489,1931,Feb Average,Denmark,DNK
0.75098,1932,Feb Average,Denmark,DNK
-0.0682,1933,Feb Average,Denmark,DNK
3.05118,1934,Feb Average,Denmark,DNK
1.74213,1935,Feb Average,Denmark,DNK
-1.2093,1936,Feb Average,Denmark,DNK
-0.1566,1937,Feb Average,Denmark,DNK
1.75442,1938,Feb Average,Denmark,DNK
2.99855,1939,Feb Average,Denmark,DNK
-7.2035,1940,Feb Average,Denmark,DNK
-3.789,1941,Feb Average,Denmark,DNK
-6.6337,1942,Feb Average,Denmark,DNK
3.4737,1943,Feb Average,Denmark,DNK
0.79624,1944,Feb Average,Denmark,DNK
1.4375,1945,Feb Average,Denmark,DNK
0.50918,1946,Feb Average,Denmark,DNK
-7.3669,1947,Feb Average,Denmark,DNK
-0.3457,1948,Feb Average,Denmark,DNK
3.0014,1949,Feb Average,Denmark,DNK
1.27578,1950,Feb Average,Denmark,DNK
0.51461,1951,Feb Average,Denmark,DNK
1.1246,1952,Feb Average,Denmark,DNK
-0.9627,1953,Feb Average,Denmark,DNK
-3.6769,1954,Feb Average,Denmark,DNK
-3.1077,1955,Feb Average,Denmark,DNK
-6.4878,1956,Feb Average,Denmark,DNK
2.06376,1957,Feb Average,Denmark,DNK
-1.3968,1958,Feb Average,Denmark,DNK
0.20845,1959,Feb Average,Denmark,DNK
-1.2877,1960,Feb Average,Denmark,DNK
2.91686,1961,Feb Average,Denmark,DNK
1.06076,1962,Feb Average,Denmark,DNK
-4.9799,1963,Feb Average,Denmark,DNK
-0.104,1964,Feb Average,Denmark,DNK
-0.5082,1965,Feb Average,Denmark,DNK
-2.2357,1966,Feb Average,Denmark,DNK
1.89548,1967,Feb Average,Denmark,DNK
-0.5063,1968,Feb Average,Denmark,DNK
-2.7110000000000003,1969,Feb Average,Denmark,DNK
-3.8903,1970,Feb Average,Denmark,DNK
1.88886,1971,Feb Average,Denmark,DNK
0.097,1972,Feb Average,Denmark,DNK
2.30019,1973,Feb Average,Denmark,DNK
2.86711,1974,Feb Average,Denmark,DNK
1.30436,1975,Feb Average,Denmark,DNK
-0.0303,1976,Feb Average,Denmark,DNK
-0.3034,1977,Feb Average,Denmark,DNK
-2.028,1978,Feb Average,Denmark,DNK
-3.744,1979,Feb Average,Denmark,DNK
-1.5036,1980,Feb Average,Denmark,DNK
0.1979,1981,Feb Average,Denmark,DNK
-1.0016,1982,Feb Average,Denmark,DNK
-0.7461,1983,Feb Average,Denmark,DNK
-0.0229,1984,Feb Average,Denmark,DNK
-4.5416,1985,Feb Average,Denmark,DNK
-5.2086,1986,Feb Average,Denmark,DNK
-0.928,1987,Feb Average,Denmark,DNK
2.17354,1988,Feb Average,Denmark,DNK
4.40807,1989,Feb Average,Denmark,DNK
5.35874,1990,Feb Average,Denmark,DNK
-1.2564,1991,Feb Average,Denmark,DNK
3.3271900000000003,1992,Feb Average,Denmark,DNK
1.17363,1993,Feb Average,Denmark,DNK
-1.7339,1994,Feb Average,Denmark,DNK
3.45982,1995,Feb Average,Denmark,DNK
-3.1778,1996,Feb Average,Denmark,DNK
2.623,1997,Feb Average,Denmark,DNK
4.53941,1998,Feb Average,Denmark,DNK
0.8146399999999999,1999,Feb Average,Denmark,DNK
3.2096,2000,Feb Average,Denmark,DNK
0.22878,2001,Feb Average,Denmark,DNK
4.02029,2002,Feb Average,Denmark,DNK
-1.6305,2003,Feb Average,Denmark,DNK
1.74423,2004,Feb Average,Denmark,DNK
-0.0488,2005,Feb Average,Denmark,DNK
0.09628,2006,Feb Average,Denmark,DNK
1.89857,2007,Feb Average,Denmark,DNK
4.2283800000000005,2008,Feb Average,Denmark,DNK
0.42592,2009,Feb Average,Denmark,DNK
-2.3204,2010,Feb Average,Denmark,DNK
-0.472,2011,Feb Average,Denmark,DNK
-0.8116,2012,Feb Average,Denmark,DNK
-0.51,2013,Feb Average,Denmark,DNK
3.9491,2014,Feb Average,Denmark,DNK
1.5806,2015,Feb Average,Denmark,DNK
2.36807,2016,Feb Average,Denmark,DNK
-12.329,1901,Feb Average,Sweden,SWE
-10.31,1902,Feb Average,Sweden,SWE
-4.5563,1903,Feb Average,Sweden,SWE
-12.343,1904,Feb Average,Sweden,SWE
-7.2573,1905,Feb Average,Sweden,SWE
-7.4576,1906,Feb Average,Sweden,SWE
-7.0721,1907,Feb Average,Sweden,SWE
-7.2955,1908,Feb Average,Sweden,SWE
-9.7287,1909,Feb Average,Sweden,SWE
-4.2055,1910,Feb Average,Sweden,SWE
-7.7822,1911,Feb Average,Sweden,SWE
-11.459,1912,Feb Average,Sweden,SWE
-6.4267,1913,Feb Average,Sweden,SWE
-5.4668,1914,Feb Average,Sweden,SWE
-8.5715,1915,Feb Average,Sweden,SWE
-7.8256,1916,Feb Average,Sweden,SWE
-10.952,1917,Feb Average,Sweden,SWE
-7.3971,1918,Feb Average,Sweden,SWE
-10.687,1919,Feb Average,Sweden,SWE
-5.0422,1920,Feb Average,Sweden,SWE
-7.497999999999998,1921,Feb Average,Sweden,SWE
-10.237,1922,Feb Average,Sweden,SWE
-11.272,1923,Feb Average,Sweden,SWE
-11.51,1924,Feb Average,Sweden,SWE
-5.6309,1925,Feb Average,Sweden,SWE
-10.927,1926,Feb Average,Sweden,SWE
-6.8679999999999986,1927,Feb Average,Sweden,SWE
-7.6354,1928,Feb Average,Sweden,SWE
-13.345999999999998,1929,Feb Average,Sweden,SWE
-6.522,1930,Feb Average,Sweden,SWE
-9.7086,1931,Feb Average,Sweden,SWE
-5.1832,1932,Feb Average,Sweden,SWE
-9.5079,1933,Feb Average,Sweden,SWE
-4.9264,1934,Feb Average,Sweden,SWE
-6.9628,1935,Feb Average,Sweden,SWE
-11.665,1936,Feb Average,Sweden,SWE
-10.788,1937,Feb Average,Sweden,SWE
-3.4768,1938,Feb Average,Sweden,SWE
-3.7447,1939,Feb Average,Sweden,SWE
-14.235,1940,Feb Average,Sweden,SWE
-11.681,1941,Feb Average,Sweden,SWE
-13.913,1942,Feb Average,Sweden,SWE
-4.1783,1943,Feb Average,Sweden,SWE
-6.4533,1944,Feb Average,Sweden,SWE
-6.4689,1945,Feb Average,Sweden,SWE
-11.154000000000002,1946,Feb Average,Sweden,SWE
-16.215999999999998,1947,Feb Average,Sweden,SWE
-7.6349,1948,Feb Average,Sweden,SWE
-3.9266,1949,Feb Average,Sweden,SWE
-7.8458,1950,Feb Average,Sweden,SWE
-8.1097,1951,Feb Average,Sweden,SWE
-7.7715,1952,Feb Average,Sweden,SWE
-10.776,1953,Feb Average,Sweden,SWE
-11.501,1954,Feb Average,Sweden,SWE
-11.455,1955,Feb Average,Sweden,SWE
-13.353,1956,Feb Average,Sweden,SWE
-7.9823,1957,Feb Average,Sweden,SWE
-12.081,1958,Feb Average,Sweden,SWE
-3.9557,1959,Feb Average,Sweden,SWE
-11.3,1960,Feb Average,Sweden,SWE
-4.814,1961,Feb Average,Sweden,SWE
-7.6045,1962,Feb Average,Sweden,SWE
-12.507,1963,Feb Average,Sweden,SWE
-9.2053,1964,Feb Average,Sweden,SWE
-7.2901,1965,Feb Average,Sweden,SWE
-16.925,1966,Feb Average,Sweden,SWE
-6.3376,1967,Feb Average,Sweden,SWE
-10.428,1968,Feb Average,Sweden,SWE
-13.439,1969,Feb Average,Sweden,SWE
-15.584,1970,Feb Average,Sweden,SWE
-7.6971,1971,Feb Average,Sweden,SWE
-7.7726,1972,Feb Average,Sweden,SWE
-7.0601,1973,Feb Average,Sweden,SWE
-4.7573,1974,Feb Average,Sweden,SWE
-4.5008,1975,Feb Average,Sweden,SWE
-6.6794,1976,Feb Average,Sweden,SWE
-11.528,1977,Feb Average,Sweden,SWE
-12.258,1978,Feb Average,Sweden,SWE
-11.396,1979,Feb Average,Sweden,SWE
-12.296,1980,Feb Average,Sweden,SWE
-9.3704,1981,Feb Average,Sweden,SWE
-7.073,1982,Feb Average,Sweden,SWE
-8.2237,1983,Feb Average,Sweden,SWE
-5.8396,1984,Feb Average,Sweden,SWE
-17.078,1985,Feb Average,Sweden,SWE
-11.441,1986,Feb Average,Sweden,SWE
-10.087,1987,Feb Average,Sweden,SWE
-7.6601,1988,Feb Average,Sweden,SWE
-3.3747,1989,Feb Average,Sweden,SWE
-1.1898,1990,Feb Average,Sweden,SWE
-10.528,1991,Feb Average,Sweden,SWE
-3.9952,1992,Feb Average,Sweden,SWE
-5.2819,1993,Feb Average,Sweden,SWE
-12.821,1994,Feb Average,Sweden,SWE
-4.8861,1995,Feb Average,Sweden,SWE
-11.491,1996,Feb Average,Sweden,SWE
-6.2381,1997,Feb Average,Sweden,SWE
-6.4332,1998,Feb Average,Sweden,SWE
-8.4698,1999,Feb Average,Sweden,SWE
-5.6501,2000,Feb Average,Sweden,SWE
-10.177,2001,Feb Average,Sweden,SWE
-4.9185,2002,Feb Average,Sweden,SWE
-7.0596,2003,Feb Average,Sweden,SWE
-7.1633,2004,Feb Average,Sweden,SWE
-7.3615,2005,Feb Average,Sweden,SWE
-8.5802,2006,Feb Average,Sweden,SWE
-10.37,2007,Feb Average,Sweden,SWE
-3.7811,2008,Feb Average,Sweden,SWE
-9.7023,2009,Feb Average,Sweden,SWE
-12.448,2010,Feb Average,Sweden,SWE
-11.005,2011,Feb Average,Sweden,SWE
-9.0229,2012,Feb Average,Sweden,SWE
-7.4992,2013,Feb Average,Sweden,SWE
-2.9749,2014,Feb Average,Sweden,SWE
-5.5862,2015,Feb Average,Sweden,SWE
-5.5792,2016,Feb Average,Sweden,SWE
-1.5673,1901,Feb Average,Belgium,BEL
0.45263,1902,Feb Average,Belgium,BEL
5.26232,1903,Feb Average,Belgium,BEL
3.01201,1904,Feb Average,Belgium,BEL
3.3076,1905,Feb Average,Belgium,BEL
2.05963,1906,Feb Average,Belgium,BEL
0.5536300000000001,1907,Feb Average,Belgium,BEL
3.52482,1908,Feb Average,Belgium,BEL
0.68875,1909,Feb Average,Belgium,BEL
4.2493,1910,Feb Average,Belgium,BEL
3.59077,1911,Feb Average,Belgium,BEL
5.09516,1912,Feb Average,Belgium,BEL
3.77817,1913,Feb Average,Belgium,BEL
5.95683,1914,Feb Average,Belgium,BEL
3.4647300000000003,1915,Feb Average,Belgium,BEL
3.34078,1916,Feb Average,Belgium,BEL
-1.4629,1917,Feb Average,Belgium,BEL
4.32364,1918,Feb Average,Belgium,BEL
1.28488,1919,Feb Average,Belgium,BEL
5.7262900000000005,1920,Feb Average,Belgium,BEL
3.61744,1921,Feb Average,Belgium,BEL
2.30815,1922,Feb Average,Belgium,BEL
4.29593,1923,Feb Average,Belgium,BEL
0.65161,1924,Feb Average,Belgium,BEL
5.28869,1925,Feb Average,Belgium,BEL
7.022989999999999,1926,Feb Average,Belgium,BEL
3.3832800000000005,1927,Feb Average,Belgium,BEL
5.0595,1928,Feb Average,Belgium,BEL
-3.9733,1929,Feb Average,Belgium,BEL
2.13584,1930,Feb Average,Belgium,BEL
1.63068,1931,Feb Average,Belgium,BEL
1.0249700000000002,1932,Feb Average,Belgium,BEL
2.87544,1933,Feb Average,Belgium,BEL
2.69179,1934,Feb Average,Belgium,BEL
4.29502,1935,Feb Average,Belgium,BEL
2.41412,1936,Feb Average,Belgium,BEL
5.19753,1937,Feb Average,Belgium,BEL
3.2477,1938,Feb Average,Belgium,BEL
3.67446,1939,Feb Average,Belgium,BEL
0.38735,1940,Feb Average,Belgium,BEL
2.17565,1941,Feb Average,Belgium,BEL
-3.415,1942,Feb Average,Belgium,BEL
4.6093199999999985,1943,Feb Average,Belgium,BEL
1.3391,1944,Feb Average,Belgium,BEL
6.20726,1945,Feb Average,Belgium,BEL
4.99886,1946,Feb Average,Belgium,BEL
-2.9873,1947,Feb Average,Belgium,BEL
3.06682,1948,Feb Average,Belgium,BEL
4.25766,1949,Feb Average,Belgium,BEL
5.74187,1950,Feb Average,Belgium,BEL
3.91065,1951,Feb Average,Belgium,BEL
1.78995,1952,Feb Average,Belgium,BEL
1.94236,1953,Feb Average,Belgium,BEL
-0.0445,1954,Feb Average,Belgium,BEL
0.61668,1955,Feb Average,Belgium,BEL
-3.6845,1956,Feb Average,Belgium,BEL
5.59256,1957,Feb Average,Belgium,BEL
4.224480000000002,1958,Feb Average,Belgium,BEL
1.50404,1959,Feb Average,Belgium,BEL
3.41075,1960,Feb Average,Belgium,BEL
6.3665400000000005,1961,Feb Average,Belgium,BEL
2.46599,1962,Feb Average,Belgium,BEL
-3.0975,1963,Feb Average,Belgium,BEL
3.79756,1964,Feb Average,Belgium,BEL
1.06835,1965,Feb Average,Belgium,BEL
5.84834,1966,Feb Average,Belgium,BEL
4.78964,1967,Feb Average,Belgium,BEL
2.0108200000000003,1968,Feb Average,Belgium,BEL
0.32401,1969,Feb Average,Belgium,BEL
1.78937,1970,Feb Average,Belgium,BEL
3.49636,1971,Feb Average,Belgium,BEL
4.1421,1972,Feb Average,Belgium,BEL
2.6404400000000003,1973,Feb Average,Belgium,BEL
4.7222300000000015,1974,Feb Average,Belgium,BEL
3.65676,1975,Feb Average,Belgium,BEL
2.82704,1976,Feb Average,Belgium,BEL
5.11763,1977,Feb Average,Belgium,BEL
1.22897,1978,Feb Average,Belgium,BEL
0.25086,1979,Feb Average,Belgium,BEL
5.07635,1980,Feb Average,Belgium,BEL
1.38185,1981,Feb Average,Belgium,BEL
3.0156400000000003,1982,Feb Average,Belgium,BEL
0.63398,1983,Feb Average,Belgium,BEL
2.17876,1984,Feb Average,Belgium,BEL
-0.2702,1985,Feb Average,Belgium,BEL
-3.7232,1986,Feb Average,Belgium,BEL
1.85803,1987,Feb Average,Belgium,BEL
3.9797,1988,Feb Average,Belgium,BEL
4.62511,1989,Feb Average,Belgium,BEL
7.499460000000001,1990,Feb Average,Belgium,BEL
-0.3941,1991,Feb Average,Belgium,BEL
4.46686,1992,Feb Average,Belgium,BEL
1.68,1993,Feb Average,Belgium,BEL
2.42553,1994,Feb Average,Belgium,BEL
6.49931,1995,Feb Average,Belgium,BEL
0.81513,1996,Feb Average,Belgium,BEL
5.9247,1997,Feb Average,Belgium,BEL
5.59928,1998,Feb Average,Belgium,BEL
3.01999,1999,Feb Average,Belgium,BEL
5.64414,2000,Feb Average,Belgium,BEL
4.5942,2001,Feb Average,Belgium,BEL
6.91863,2002,Feb Average,Belgium,BEL
2.10197,2003,Feb Average,Belgium,BEL
4.50731,2004,Feb Average,Belgium,BEL
1.84392,2005,Feb Average,Belgium,BEL
2.18233,2006,Feb Average,Belgium,BEL
6.27922,2007,Feb Average,Belgium,BEL
5.36405,2008,Feb Average,Belgium,BEL
2.89943,2009,Feb Average,Belgium,BEL
2.03786,2010,Feb Average,Belgium,BEL
4.54678,2011,Feb Average,Belgium,BEL
0.22464,2012,Feb Average,Belgium,BEL
1.19567,2013,Feb Average,Belgium,BEL
6.1824900000000005,2014,Feb Average,Belgium,BEL
3.11497,2015,Feb Average,Belgium,BEL
4.73348,2016,Feb Average,Belgium,BEL
-0.3691,1901,Feb Average,France,FRA
2.81331,1902,Feb Average,France,FRA
5.40226,1903,Feb Average,France,FRA
4.31378,1904,Feb Average,France,FRA
3.5489,1905,Feb Average,France,FRA
2.74098,1906,Feb Average,France,FRA
1.52917,1907,Feb Average,France,FRA
4.25271,1908,Feb Average,France,FRA
1.44492,1909,Feb Average,France,FRA
5.03076,1910,Feb Average,France,FRA
4.01663,1911,Feb Average,France,FRA
6.45127,1912,Feb Average,France,FRA
4.10142,1913,Feb Average,France,FRA
5.94576,1914,Feb Average,France,FRA
3.84982,1915,Feb Average,France,FRA
4.4476,1916,Feb Average,France,FRA
0.80219,1917,Feb Average,France,FRA
4.71841,1918,Feb Average,France,FRA
3.25413,1919,Feb Average,France,FRA
5.91343,1920,Feb Average,France,FRA
3.92032,1921,Feb Average,France,FRA
4.12695,1922,Feb Average,France,FRA
5.97837,1923,Feb Average,France,FRA
1.84699,1924,Feb Average,France,FRA
5.41844,1925,Feb Average,France,FRA
7.93071,1926,Feb Average,France,FRA
4.05972,1927,Feb Average,France,FRA
5.95223,1928,Feb Average,France,FRA
-0.5791,1929,Feb Average,France,FRA
3.0649900000000003,1930,Feb Average,France,FRA
2.89195,1931,Feb Average,France,FRA
0.7436699999999999,1932,Feb Average,France,FRA
3.83172,1933,Feb Average,France,FRA
2.6844,1934,Feb Average,France,FRA
4.921130000000002,1935,Feb Average,France,FRA
4.3082400000000005,1936,Feb Average,France,FRA
6.67672,1937,Feb Average,France,FRA
3.48815,1938,Feb Average,France,FRA
4.44042,1939,Feb Average,France,FRA
4.00966,1940,Feb Average,France,FRA
4.16143,1941,Feb Average,France,FRA
-0.5676,1942,Feb Average,France,FRA
5.1629,1943,Feb Average,France,FRA
1.82841,1944,Feb Average,France,FRA
6.52761,1945,Feb Average,France,FRA
6.16659,1946,Feb Average,France,FRA
1.11316,1947,Feb Average,France,FRA
4.2549199999999985,1948,Feb Average,France,FRA
4.32991,1949,Feb Average,France,FRA
6.28442,1950,Feb Average,France,FRA
4.6101800000000015,1951,Feb Average,France,FRA
2.37322,1952,Feb Average,France,FRA
2.42794,1953,Feb Average,France,FRA
1.74272,1954,Feb Average,France,FRA
3.54253,1955,Feb Average,France,FRA
-1.1354,1956,Feb Average,France,FRA
6.79652,1957,Feb Average,France,FRA
5.92226,1958,Feb Average,France,FRA
4.0035,1959,Feb Average,France,FRA
4.7470300000000005,1960,Feb Average,France,FRA
7.34383,1961,Feb Average,France,FRA
3.43905,1962,Feb Average,France,FRA
-0.609,1963,Feb Average,France,FRA
5.04595,1964,Feb Average,France,FRA
1.32532,1965,Feb Average,France,FRA
7.748010000000002,1966,Feb Average,France,FRA
5.2184300000000015,1967,Feb Average,France,FRA
4.21842,1968,Feb Average,France,FRA
2.0053400000000003,1969,Feb Average,France,FRA
4.33924,1970,Feb Average,France,FRA
3.90981,1971,Feb Average,France,FRA
5.55664,1972,Feb Average,France,FRA
3.1191,1973,Feb Average,France,FRA
5.31188,1974,Feb Average,France,FRA
5.25968,1975,Feb Average,France,FRA
4.57028,1976,Feb Average,France,FRA
6.654789999999998,1977,Feb Average,France,FRA
3.85741,1978,Feb Average,France,FRA
3.92152,1979,Feb Average,France,FRA
6.1439900000000005,1980,Feb Average,France,FRA
2.42957,1981,Feb Average,France,FRA
4.86889,1982,Feb Average,France,FRA
2.25382,1983,Feb Average,France,FRA
3.3009,1984,Feb Average,France,FRA
3.64408,1985,Feb Average,France,FRA
-0.6148,1986,Feb Average,France,FRA
3.55235,1987,Feb Average,France,FRA
4.66196,1988,Feb Average,France,FRA
5.294580000000002,1989,Feb Average,France,FRA
8.6543,1990,Feb Average,France,FRA
1.80521,1991,Feb Average,France,FRA
4.55385,1992,Feb Average,France,FRA
3.13798,1993,Feb Average,France,FRA
4.96252,1994,Feb Average,France,FRA
7.36125,1995,Feb Average,France,FRA
2.83498,1996,Feb Average,France,FRA
6.91015,1997,Feb Average,France,FRA
5.90377,1998,Feb Average,France,FRA
4.05425,1999,Feb Average,France,FRA
6.570880000000002,2000,Feb Average,France,FRA
5.38091,2001,Feb Average,France,FRA
7.23602,2002,Feb Average,France,FRA
3.0948900000000004,2003,Feb Average,France,FRA
4.71047,2004,Feb Average,France,FRA
2.27752,2005,Feb Average,France,FRA
2.98768,2006,Feb Average,France,FRA
7.2453,2007,Feb Average,France,FRA
6.377999999999999,2008,Feb Average,France,FRA
3.85008,2009,Feb Average,France,FRA
3.54377,2010,Feb Average,France,FRA
5.53264,2011,Feb Average,France,FRA
0.87966,2012,Feb Average,France,FRA
2.48026,2013,Feb Average,France,FRA
6.5736,2014,Feb Average,France,FRA
3.63678,2015,Feb Average,France,FRA
5.96637,2016,Feb Average,France,FRA
-14.681,1901,Feb Average,Finland,FIN
-11.827,1902,Feb Average,Finland,FIN
-6.7971,1903,Feb Average,Finland,FIN
-13.979,1904,Feb Average,Finland,FIN
-9.1538,1905,Feb Average,Finland,FIN
-8.2203,1906,Feb Average,Finland,FIN
-8.0306,1907,Feb Average,Finland,FIN
-10.016,1908,Feb Average,Finland,FIN
-11.36,1909,Feb Average,Finland,FIN
-4.4396,1910,Feb Average,Finland,FIN
-12.775,1911,Feb Average,Finland,FIN
-16.667,1912,Feb Average,Finland,FIN
-9.26,1913,Feb Average,Finland,FIN
-8.0536,1914,Feb Average,Finland,FIN
-10.736,1915,Feb Average,Finland,FIN
-8.0912,1916,Feb Average,Finland,FIN
-15.672,1917,Feb Average,Finland,FIN
-9.7311,1918,Feb Average,Finland,FIN
-14.021,1919,Feb Average,Finland,FIN
-6.5292,1920,Feb Average,Finland,FIN
-10.809,1921,Feb Average,Finland,FIN
-11.14,1922,Feb Average,Finland,FIN
-14.156,1923,Feb Average,Finland,FIN
-12.485,1924,Feb Average,Finland,FIN
-6.296,1925,Feb Average,Finland,FIN
-12.598,1926,Feb Average,Finland,FIN
-8.8214,1927,Feb Average,Finland,FIN
-9.4744,1928,Feb Average,Finland,FIN
-15.658,1929,Feb Average,Finland,FIN
-8.6404,1930,Feb Average,Finland,FIN
-10.89,1931,Feb Average,Finland,FIN
-10.056,1932,Feb Average,Finland,FIN
-12.253,1933,Feb Average,Finland,FIN
-8.6353,1934,Feb Average,Finland,FIN
-9.0162,1935,Feb Average,Finland,FIN
-16.083,1936,Feb Average,Finland,FIN
-12.188,1937,Feb Average,Finland,FIN
-4.5381,1938,Feb Average,Finland,FIN
-6.0949,1939,Feb Average,Finland,FIN
-15.903,1940,Feb Average,Finland,FIN
-12.519,1941,Feb Average,Finland,FIN
-14.227,1942,Feb Average,Finland,FIN
-5.0317,1943,Feb Average,Finland,FIN
-7.604,1944,Feb Average,Finland,FIN
-8.1009,1945,Feb Average,Finland,FIN
-13.794,1946,Feb Average,Finland,FIN
-17.311,1947,Feb Average,Finland,FIN
-9.902,1948,Feb Average,Finland,FIN
-5.1753,1949,Feb Average,Finland,FIN
-9.7499,1950,Feb Average,Finland,FIN
-10.27,1951,Feb Average,Finland,FIN
-7.2619,1952,Feb Average,Finland,FIN
-14.102,1953,Feb Average,Finland,FIN
-13.885,1954,Feb Average,Finland,FIN
-13.836,1955,Feb Average,Finland,FIN
-16.296,1956,Feb Average,Finland,FIN
-7.6289,1957,Feb Average,Finland,FIN
-12.398,1958,Feb Average,Finland,FIN
-4.9911,1959,Feb Average,Finland,FIN
-13.163,1960,Feb Average,Finland,FIN
-5.6306,1961,Feb Average,Finland,FIN
-9.1361,1962,Feb Average,Finland,FIN
-14.053,1963,Feb Average,Finland,FIN
-12.408,1964,Feb Average,Finland,FIN
-11.012,1965,Feb Average,Finland,FIN
-19.771,1966,Feb Average,Finland,FIN
-8.5876,1967,Feb Average,Finland,FIN
-11.592,1968,Feb Average,Finland,FIN
-15.075,1969,Feb Average,Finland,FIN
-16.928,1970,Feb Average,Finland,FIN
-11.862,1971,Feb Average,Finland,FIN
-9.2963,1972,Feb Average,Finland,FIN
-9.0522,1973,Feb Average,Finland,FIN
-4.6153,1974,Feb Average,Finland,FIN
-6.5258,1975,Feb Average,Finland,FIN
-10.298,1976,Feb Average,Finland,FIN
-12.489,1977,Feb Average,Finland,FIN
-15.44,1978,Feb Average,Finland,FIN
-13.183,1979,Feb Average,Finland,FIN
-13.303,1980,Feb Average,Finland,FIN
-11.832,1981,Feb Average,Finland,FIN
-8.6068,1982,Feb Average,Finland,FIN
-11.392,1983,Feb Average,Finland,FIN
-7.2611,1984,Feb Average,Finland,FIN
-20.128,1985,Feb Average,Finland,FIN
-13.821,1986,Feb Average,Finland,FIN
-12.283,1987,Feb Average,Finland,FIN
-9.5669,1988,Feb Average,Finland,FIN
-4.8349,1989,Feb Average,Finland,FIN
-1.8261,1990,Feb Average,Finland,FIN
-12.073,1991,Feb Average,Finland,FIN
-5.5042,1992,Feb Average,Finland,FIN
-6.8484,1993,Feb Average,Finland,FIN
-15.212,1994,Feb Average,Finland,FIN
-5.5281,1995,Feb Average,Finland,FIN
-13.667,1996,Feb Average,Finland,FIN
-8.6542,1997,Feb Average,Finland,FIN
-12.908,1998,Feb Average,Finland,FIN
-11.559,1999,Feb Average,Finland,FIN
-7.4699,2000,Feb Average,Finland,FIN
-12.21,2001,Feb Average,Finland,FIN
-6.2154,2002,Feb Average,Finland,FIN
-7.782,2003,Feb Average,Finland,FIN
-9.7057,2004,Feb Average,Finland,FIN
-8.9717,2005,Feb Average,Finland,FIN
-12.614,2006,Feb Average,Finland,FIN
-15.417,2007,Feb Average,Finland,FIN
-5.3763,2008,Feb Average,Finland,FIN
-10.184,2009,Feb Average,Finland,FIN
-13.871,2010,Feb Average,Finland,FIN
-15.582,2011,Feb Average,Finland,FIN
-13.067,2012,Feb Average,Finland,FIN
-6.6444,2013,Feb Average,Finland,FIN
-3.1254,2014,Feb Average,Finland,FIN
-6.0431,2015,Feb Average,Finland,FIN
-4.9438,2016,Feb Average,Finland,FIN
1.4627,1901,Feb Average,United Kingdom,GBR
1.07641,1902,Feb Average,United Kingdom,GBR
5.45105,1903,Feb Average,United Kingdom,GBR
2.28716,1904,Feb Average,United Kingdom,GBR
3.75763,1905,Feb Average,United Kingdom,GBR
2.03353,1906,Feb Average,United Kingdom,GBR
2.00489,1907,Feb Average,United Kingdom,GBR
4.42859,1908,Feb Average,United Kingdom,GBR
3.06317,1909,Feb Average,United Kingdom,GBR
3.58604,1910,Feb Average,United Kingdom,GBR
3.73006,1911,Feb Average,United Kingdom,GBR
3.96243,1912,Feb Average,United Kingdom,GBR
3.87954,1913,Feb Average,United Kingdom,GBR
5.21141,1914,Feb Average,United Kingdom,GBR
2.7844,1915,Feb Average,United Kingdom,GBR
2.7165,1916,Feb Average,United Kingdom,GBR
1.17195,1917,Feb Average,United Kingdom,GBR
5.41921,1918,Feb Average,United Kingdom,GBR
1.60008,1919,Feb Average,United Kingdom,GBR
5.06396,1920,Feb Average,United Kingdom,GBR
4.311719999999998,1921,Feb Average,United Kingdom,GBR
3.67612,1922,Feb Average,United Kingdom,GBR
4.3285,1923,Feb Average,United Kingdom,GBR
2.87861,1924,Feb Average,United Kingdom,GBR
3.47027,1925,Feb Average,United Kingdom,GBR
5.20254,1926,Feb Average,United Kingdom,GBR
3.87937,1927,Feb Average,United Kingdom,GBR
4.675669999999998,1928,Feb Average,United Kingdom,GBR
1.02895,1929,Feb Average,United Kingdom,GBR
1.35492,1930,Feb Average,United Kingdom,GBR
2.952,1931,Feb Average,United Kingdom,GBR
3.33757,1932,Feb Average,United Kingdom,GBR
3.12517,1933,Feb Average,United Kingdom,GBR
4.1314199999999985,1934,Feb Average,United Kingdom,GBR
4.34614,1935,Feb Average,United Kingdom,GBR
2.40386,1936,Feb Average,United Kingdom,GBR
3.78865,1937,Feb Average,United Kingdom,GBR
4.14229,1938,Feb Average,United Kingdom,GBR
4.74757,1939,Feb Average,United Kingdom,GBR
2.4182900000000003,1940,Feb Average,United Kingdom,GBR
2.12097,1941,Feb Average,United Kingdom,GBR
0.35416,1942,Feb Average,United Kingdom,GBR
5.30442,1943,Feb Average,United Kingdom,GBR
2.99667,1944,Feb Average,United Kingdom,GBR
5.69157,1945,Feb Average,United Kingdom,GBR
4.58351,1946,Feb Average,United Kingdom,GBR
-1.5685,1947,Feb Average,United Kingdom,GBR
3.72676,1948,Feb Average,United Kingdom,GBR
4.8029,1949,Feb Average,United Kingdom,GBR
3.67621,1950,Feb Average,United Kingdom,GBR
2.52652,1951,Feb Average,United Kingdom,GBR
2.83892,1952,Feb Average,United Kingdom,GBR
3.91855,1953,Feb Average,United Kingdom,GBR
1.72659,1954,Feb Average,United Kingdom,GBR
0.2215,1955,Feb Average,United Kingdom,GBR
0.11717,1956,Feb Average,United Kingdom,GBR
3.80857,1957,Feb Average,United Kingdom,GBR
3.42376,1958,Feb Average,United Kingdom,GBR
3.93055,1959,Feb Average,United Kingdom,GBR
2.60319,1960,Feb Average,United Kingdom,GBR
5.74311,1961,Feb Average,United Kingdom,GBR
3.74255,1962,Feb Average,United Kingdom,GBR
-0.8786,1963,Feb Average,United Kingdom,GBR
3.73649,1964,Feb Average,United Kingdom,GBR
2.67638,1965,Feb Average,United Kingdom,GBR
4.09247,1966,Feb Average,United Kingdom,GBR
4.47994,1967,Feb Average,United Kingdom,GBR
1.10145,1968,Feb Average,United Kingdom,GBR
0.28797,1969,Feb Average,United Kingdom,GBR
1.9238,1970,Feb Average,United Kingdom,GBR
4.1568,1971,Feb Average,United Kingdom,GBR
3.6646,1972,Feb Average,United Kingdom,GBR
3.46471,1973,Feb Average,United Kingdom,GBR
4.65641,1974,Feb Average,United Kingdom,GBR
3.97851,1975,Feb Average,United Kingdom,GBR
3.93261,1976,Feb Average,United Kingdom,GBR
3.67702,1977,Feb Average,United Kingdom,GBR
1.4496,1978,Feb Average,United Kingdom,GBR
0.86344,1979,Feb Average,United Kingdom,GBR
4.57134,1980,Feb Average,United Kingdom,GBR
2.52542,1981,Feb Average,United Kingdom,GBR
4.1323,1982,Feb Average,United Kingdom,GBR
1.31508,1983,Feb Average,United Kingdom,GBR
3.10616,1984,Feb Average,United Kingdom,GBR
2.05877,1985,Feb Average,United Kingdom,GBR
-0.997,1986,Feb Average,United Kingdom,GBR
2.81599,1987,Feb Average,United Kingdom,GBR
3.81607,1988,Feb Average,United Kingdom,GBR
4.74138,1989,Feb Average,United Kingdom,GBR
5.7907,1990,Feb Average,United Kingdom,GBR
1.43058,1991,Feb Average,United Kingdom,GBR
4.64705,1992,Feb Average,United Kingdom,GBR
4.50942,1993,Feb Average,United Kingdom,GBR
2.55968,1994,Feb Average,United Kingdom,GBR
5.05106,1995,Feb Average,United Kingdom,GBR
2.23349,1996,Feb Average,United Kingdom,GBR
5.3151,1997,Feb Average,United Kingdom,GBR
6.46675,1998,Feb Average,United Kingdom,GBR
4.13069,1999,Feb Average,United Kingdom,GBR
4.97283,2000,Feb Average,United Kingdom,GBR
3.3585,2001,Feb Average,United Kingdom,GBR
5.45311,2002,Feb Average,United Kingdom,GBR
3.50981,2003,Feb Average,United Kingdom,GBR
4.19503,2004,Feb Average,United Kingdom,GBR
3.4959,2005,Feb Average,United Kingdom,GBR
3.52834,2006,Feb Average,United Kingdom,GBR
5.12735,2007,Feb Average,United Kingdom,GBR
4.8968300000000005,2008,Feb Average,United Kingdom,GBR
3.61467,2009,Feb Average,United Kingdom,GBR
1.8491,2010,Feb Average,United Kingdom,GBR
5.10872,2011,Feb Average,United Kingdom,GBR
4.2491900000000005,2012,Feb Average,United Kingdom,GBR
2.95438,2013,Feb Average,United Kingdom,GBR
4.98579,2014,Feb Average,United Kingdom,GBR
3.48429,2015,Feb Average,United Kingdom,GBR
3.6933,2016,Feb Average,United Kingdom,GBR
-3.7733,1901,Feb Average,Germany,DEU
-1.079,1902,Feb Average,Germany,DEU
3.5759199999999995,1903,Feb Average,Germany,DEU
1.02483,1904,Feb Average,Germany,DEU
1.2321799999999998,1905,Feb Average,Germany,DEU
0.36788,1906,Feb Average,Germany,DEU
-1.4707,1907,Feb Average,Germany,DEU
1.19519,1908,Feb Average,Germany,DEU
-2.3858,1909,Feb Average,Germany,DEU
2.3041,1910,Feb Average,Germany,DEU
1.26169,1911,Feb Average,Germany,DEU
2.39652,1912,Feb Average,Germany,DEU
1.24981,1913,Feb Average,Germany,DEU
3.30941,1914,Feb Average,Germany,DEU
0.99767,1915,Feb Average,Germany,DEU
1.01388,1916,Feb Average,Germany,DEU
-3.325,1917,Feb Average,Germany,DEU
1.7020400000000002,1918,Feb Average,Germany,DEU
-0.3799,1919,Feb Average,Germany,DEU
3.09643,1920,Feb Average,Germany,DEU
1.27102,1921,Feb Average,Germany,DEU
-1.1926,1922,Feb Average,Germany,DEU
0.8817200000000001,1923,Feb Average,Germany,DEU
-2.4712,1924,Feb Average,Germany,DEU
3.5779400000000003,1925,Feb Average,Germany,DEU
4.18794,1926,Feb Average,Germany,DEU
0.82321,1927,Feb Average,Germany,DEU
2.33488,1928,Feb Average,Germany,DEU
-5.9584,1929,Feb Average,Germany,DEU
-0.1818,1930,Feb Average,Germany,DEU
-1.0991,1931,Feb Average,Germany,DEU
-2.026,1932,Feb Average,Germany,DEU
-0.0576,1933,Feb Average,Germany,DEU
0.8813799999999999,1934,Feb Average,Germany,DEU
1.57458,1935,Feb Average,Germany,DEU
0.01596,1936,Feb Average,Germany,DEU
1.97036,1937,Feb Average,Germany,DEU
1.01008,1938,Feb Average,Germany,DEU
1.96011,1939,Feb Average,Germany,DEU
-3.774,1940,Feb Average,Germany,DEU
-0.4156,1941,Feb Average,Germany,DEU
-5.0503,1942,Feb Average,Germany,DEU
2.88451,1943,Feb Average,Germany,DEU
-0.9052,1944,Feb Average,Germany,DEU
3.3968199999999995,1945,Feb Average,Germany,DEU
2.06713,1946,Feb Average,Germany,DEU
-5.4561,1947,Feb Average,Germany,DEU
0.34084000000000003,1948,Feb Average,Germany,DEU
1.91173,1949,Feb Average,Germany,DEU
2.92392,1950,Feb Average,Germany,DEU
1.80691,1951,Feb Average,Germany,DEU
0.04097,1952,Feb Average,Germany,DEU
-0.0191,1953,Feb Average,Germany,DEU
-3.573,1954,Feb Average,Germany,DEU
-1.7577,1955,Feb Average,Germany,DEU
-7.3198,1956,Feb Average,Germany,DEU
3.81743,1957,Feb Average,Germany,DEU
1.99524,1958,Feb Average,Germany,DEU
0.03474,1959,Feb Average,Germany,DEU
0.41911,1960,Feb Average,Germany,DEU
4.32521,1961,Feb Average,Germany,DEU
0.4234600000000001,1962,Feb Average,Germany,DEU
-5.4575,1963,Feb Average,Germany,DEU
0.55895,1964,Feb Average,Germany,DEU
-1.6934,1965,Feb Average,Germany,DEU
3.2840800000000003,1966,Feb Average,Germany,DEU
2.74432,1967,Feb Average,Germany,DEU
0.6985899999999999,1968,Feb Average,Germany,DEU
-2.0372,1969,Feb Average,Germany,DEU
-1.1835,1970,Feb Average,Germany,DEU
1.35304,1971,Feb Average,Germany,DEU
2.08197,1972,Feb Average,Germany,DEU
1.08278,1973,Feb Average,Germany,DEU
3.18651,1974,Feb Average,Germany,DEU
1.38727,1975,Feb Average,Germany,DEU
0.5904,1976,Feb Average,Germany,DEU
2.94463,1977,Feb Average,Germany,DEU
-1.1409,1978,Feb Average,Germany,DEU
-1.7172,1979,Feb Average,Germany,DEU
2.1015900000000003,1980,Feb Average,Germany,DEU
-0.2639,1981,Feb Average,Germany,DEU
0.09731,1982,Feb Average,Germany,DEU
-1.346,1983,Feb Average,Germany,DEU
-0.2277,1984,Feb Average,Germany,DEU
-2.7509,1985,Feb Average,Germany,DEU
-6.1159,1986,Feb Average,Germany,DEU
-0.1476,1987,Feb Average,Germany,DEU
2.10025,1988,Feb Average,Germany,DEU
3.56845,1989,Feb Average,Germany,DEU
5.95978,1990,Feb Average,Germany,DEU
-2.0819,1991,Feb Average,Germany,DEU
2.95,1992,Feb Average,Germany,DEU
-0.2317,1993,Feb Average,Germany,DEU
-0.0078,1994,Feb Average,Germany,DEU
4.56621,1995,Feb Average,Germany,DEU
-2.0752,1996,Feb Average,Germany,DEU
4.09781,1997,Feb Average,Germany,DEU
4.64229,1998,Feb Average,Germany,DEU
0.48871,1999,Feb Average,Germany,DEU
3.84975,2000,Feb Average,Germany,DEU
2.25805,2001,Feb Average,Germany,DEU
5.07068,2002,Feb Average,Germany,DEU
-1.5355,2003,Feb Average,Germany,DEU
2.45376,2004,Feb Average,Germany,DEU
-0.9179,2005,Feb Average,Germany,DEU
-0.1917,2006,Feb Average,Germany,DEU
3.91222,2007,Feb Average,Germany,DEU
3.99911,2008,Feb Average,Germany,DEU
0.68681,2009,Feb Average,Germany,DEU
-0.2801,2010,Feb Average,Germany,DEU
1.09535,2011,Feb Average,Germany,DEU
-2.3142,2012,Feb Average,Germany,DEU
-0.6108,2013,Feb Average,Germany,DEU
4.47936,2014,Feb Average,Germany,DEU
1.23194,2015,Feb Average,Germany,DEU
3.35926,2016,Feb Average,Germany,DEU
0.35607,1901,Feb Average,Italy,ITA
5.13619,1902,Feb Average,Italy,ITA
4.97098,1903,Feb Average,Italy,ITA
5.32344,1904,Feb Average,Italy,ITA
2.7324,1905,Feb Average,Italy,ITA
2.97912,1906,Feb Average,Italy,ITA
2.06368,1907,Feb Average,Italy,ITA
3.93273,1908,Feb Average,Italy,ITA
1.09421,1909,Feb Average,Italy,ITA
4.97825,1910,Feb Average,Italy,ITA
3.00543,1911,Feb Average,Italy,ITA
6.620710000000001,1912,Feb Average,Italy,ITA
3.26399,1913,Feb Average,Italy,ITA
5.33948,1914,Feb Average,Italy,ITA
3.69775,1915,Feb Average,Italy,ITA
4.75195,1916,Feb Average,Italy,ITA
2.15405,1917,Feb Average,Italy,ITA
3.89852,1918,Feb Average,Italy,ITA
3.58408,1919,Feb Average,Italy,ITA
5.6394400000000005,1920,Feb Average,Italy,ITA
4.3605,1921,Feb Average,Italy,ITA
3.72267,1922,Feb Average,Italy,ITA
4.8947699999999985,1923,Feb Average,Italy,ITA
2.89115,1924,Feb Average,Italy,ITA
5.77807,1925,Feb Average,Italy,ITA
7.18279,1926,Feb Average,Italy,ITA
3.38206,1927,Feb Average,Italy,ITA
4.97121,1928,Feb Average,Italy,ITA
-0.3234,1929,Feb Average,Italy,ITA
3.75224,1930,Feb Average,Italy,ITA
3.32446,1931,Feb Average,Italy,ITA
0.5292600000000001,1932,Feb Average,Italy,ITA
3.72137,1933,Feb Average,Italy,ITA
4.19605,1934,Feb Average,Italy,ITA
4.17694,1935,Feb Average,Italy,ITA
4.94745,1936,Feb Average,Italy,ITA
6.051069999999998,1937,Feb Average,Italy,ITA
3.62196,1938,Feb Average,Italy,ITA
5.66908,1939,Feb Average,Italy,ITA
3.22413,1940,Feb Average,Italy,ITA
4.5795,1941,Feb Average,Italy,ITA
1.91401,1942,Feb Average,Italy,ITA
5.68201,1943,Feb Average,Italy,ITA
2.42591,1944,Feb Average,Italy,ITA
4.76918,1945,Feb Average,Italy,ITA
5.09672,1946,Feb Average,Italy,ITA
3.4591300000000005,1947,Feb Average,Italy,ITA
4.03444,1948,Feb Average,Italy,ITA
4.64195,1949,Feb Average,Italy,ITA
5.6863199999999985,1950,Feb Average,Italy,ITA
5.9686900000000005,1951,Feb Average,Italy,ITA
2.78734,1952,Feb Average,Italy,ITA
3.1084,1953,Feb Average,Italy,ITA
2.19386,1954,Feb Average,Italy,ITA
5.42506,1955,Feb Average,Italy,ITA
-0.8688,1956,Feb Average,Italy,ITA
6.35892,1957,Feb Average,Italy,ITA
5.93826,1958,Feb Average,Italy,ITA
4.92037,1959,Feb Average,Italy,ITA
4.79014,1960,Feb Average,Italy,ITA
5.86485,1961,Feb Average,Italy,ITA
3.62557,1962,Feb Average,Italy,ITA
1.93367,1963,Feb Average,Italy,ITA
4.46818,1964,Feb Average,Italy,ITA
1.62555,1965,Feb Average,Italy,ITA
7.39807,1966,Feb Average,Italy,ITA
4.4473,1967,Feb Average,Italy,ITA
5.64003,1968,Feb Average,Italy,ITA
3.55494,1969,Feb Average,Italy,ITA
4.3598,1970,Feb Average,Italy,ITA
4.39386,1971,Feb Average,Italy,ITA
6.5411,1972,Feb Average,Italy,ITA
4.03336,1973,Feb Average,Italy,ITA
6.34312,1974,Feb Average,Italy,ITA
4.51185,1975,Feb Average,Italy,ITA
5.3009,1976,Feb Average,Italy,ITA
6.61331,1977,Feb Average,Italy,ITA
4.29303,1978,Feb Average,Italy,ITA
5.4536,1979,Feb Average,Italy,ITA
5.25959,1980,Feb Average,Italy,ITA
3.12936,1981,Feb Average,Italy,ITA
3.5155199999999995,1982,Feb Average,Italy,ITA
2.65542,1983,Feb Average,Italy,ITA
3.47951,1984,Feb Average,Italy,ITA
3.67952,1985,Feb Average,Italy,ITA
2.63891,1986,Feb Average,Italy,ITA
4.71486,1987,Feb Average,Italy,ITA
5.23529,1988,Feb Average,Italy,ITA
5.72248,1989,Feb Average,Italy,ITA
7.43774,1990,Feb Average,Italy,ITA
3.01739,1991,Feb Average,Italy,ITA
4.59726,1992,Feb Average,Italy,ITA
3.67607,1993,Feb Average,Italy,ITA
4.83041,1994,Feb Average,Italy,ITA
6.55578,1995,Feb Average,Italy,ITA
3.4673800000000004,1996,Feb Average,Italy,ITA
5.9629699999999985,1997,Feb Average,Italy,ITA
6.76904,1998,Feb Average,Italy,ITA
3.24141,1999,Feb Average,Italy,ITA
5.31232,2000,Feb Average,Italy,ITA
5.7393,2001,Feb Average,Italy,ITA
6.766589999999999,2002,Feb Average,Italy,ITA
2.33829,2003,Feb Average,Italy,ITA
5.08946,2004,Feb Average,Italy,ITA
2.24905,2005,Feb Average,Italy,ITA
4.14445,2006,Feb Average,Italy,ITA
7.1364,2007,Feb Average,Italy,ITA
5.8331800000000005,2008,Feb Average,Italy,ITA
3.95335,2009,Feb Average,Italy,ITA
4.87282,2010,Feb Average,Italy,ITA
5.2406,2011,Feb Average,Italy,ITA
1.62498,2012,Feb Average,Italy,ITA
3.18437,2013,Feb Average,Italy,ITA
7.1487300000000005,2014,Feb Average,Italy,ITA
4.77124,2015,Feb Average,Italy,ITA
7.257910000000001,2016,Feb Average,Italy,ITA
-1.2231,1901,Feb Average,Netherlands,NLD
0.08199,1902,Feb Average,Netherlands,NLD
5.57619,1903,Feb Average,Netherlands,NLD
2.9716,1904,Feb Average,Netherlands,NLD
3.48466,1905,Feb Average,Netherlands,NLD
2.48888,1906,Feb Average,Netherlands,NLD
0.74075,1907,Feb Average,Netherlands,NLD
3.69161,1908,Feb Average,Netherlands,NLD
0.64791,1909,Feb Average,Netherlands,NLD
4.33743,1910,Feb Average,Netherlands,NLD
3.78605,1911,Feb Average,Netherlands,NLD
4.37333,1912,Feb Average,Netherlands,NLD
3.84209,1913,Feb Average,Netherlands,NLD
5.99327,1914,Feb Average,Netherlands,NLD
3.30554,1915,Feb Average,Netherlands,NLD
3.02833,1916,Feb Average,Netherlands,NLD
-1.254,1917,Feb Average,Netherlands,NLD
4.15244,1918,Feb Average,Netherlands,NLD
1.05556,1919,Feb Average,Netherlands,NLD
5.7377699999999985,1920,Feb Average,Netherlands,NLD
3.70128,1921,Feb Average,Netherlands,NLD
1.56062,1922,Feb Average,Netherlands,NLD
3.21016,1923,Feb Average,Netherlands,NLD
0.46258,1924,Feb Average,Netherlands,NLD
5.23369,1925,Feb Average,Netherlands,NLD
6.25352,1926,Feb Average,Netherlands,NLD
3.33089,1927,Feb Average,Netherlands,NLD
4.85755,1928,Feb Average,Netherlands,NLD
-4.5714,1929,Feb Average,Netherlands,NLD
2.00971,1930,Feb Average,Netherlands,NLD
1.55285,1931,Feb Average,Netherlands,NLD
1.56051,1932,Feb Average,Netherlands,NLD
2.83485,1933,Feb Average,Netherlands,NLD
3.2253,1934,Feb Average,Netherlands,NLD
4.33707,1935,Feb Average,Netherlands,NLD
2.27335,1936,Feb Average,Netherlands,NLD
4.70248,1937,Feb Average,Netherlands,NLD
3.4031300000000004,1938,Feb Average,Netherlands,NLD
3.81237,1939,Feb Average,Netherlands,NLD
-0.889,1940,Feb Average,Netherlands,NLD
1.50824,1941,Feb Average,Netherlands,NLD
-3.5822,1942,Feb Average,Netherlands,NLD
4.79221,1943,Feb Average,Netherlands,NLD
1.80947,1944,Feb Average,Netherlands,NLD
5.96454,1945,Feb Average,Netherlands,NLD
4.74415,1946,Feb Average,Netherlands,NLD
-4.0069,1947,Feb Average,Netherlands,NLD
3.00006,1948,Feb Average,Netherlands,NLD
4.4706,1949,Feb Average,Netherlands,NLD
5.45431,1950,Feb Average,Netherlands,NLD
3.74962,1951,Feb Average,Netherlands,NLD
2.25805,1952,Feb Average,Netherlands,NLD
1.9426,1953,Feb Average,Netherlands,NLD
-0.6075,1954,Feb Average,Netherlands,NLD
0.16117,1955,Feb Average,Netherlands,NLD
-4.3149,1956,Feb Average,Netherlands,NLD
5.27291,1957,Feb Average,Netherlands,NLD
3.73664,1958,Feb Average,Netherlands,NLD
1.32941,1959,Feb Average,Netherlands,NLD
3.05289,1960,Feb Average,Netherlands,NLD
6.09049,1961,Feb Average,Netherlands,NLD
2.707,1962,Feb Average,Netherlands,NLD
-3.6028,1963,Feb Average,Netherlands,NLD
3.3170900000000003,1964,Feb Average,Netherlands,NLD
1.69816,1965,Feb Average,Netherlands,NLD
4.27271,1966,Feb Average,Netherlands,NLD
4.91076,1967,Feb Average,Netherlands,NLD
1.7133599999999998,1968,Feb Average,Netherlands,NLD
0.09134,1969,Feb Average,Netherlands,NLD
1.15022,1970,Feb Average,Netherlands,NLD
3.8085,1971,Feb Average,Netherlands,NLD
3.65434,1972,Feb Average,Netherlands,NLD
3.0338700000000003,1973,Feb Average,Netherlands,NLD
4.76929,1974,Feb Average,Netherlands,NLD
3.37617,1975,Feb Average,Netherlands,NLD
2.5584,1976,Feb Average,Netherlands,NLD
4.70607,1977,Feb Average,Netherlands,NLD
0.92251,1978,Feb Average,Netherlands,NLD
-0.8433,1979,Feb Average,Netherlands,NLD
4.5022400000000005,1980,Feb Average,Netherlands,NLD
1.529,1981,Feb Average,Netherlands,NLD
2.8355,1982,Feb Average,Netherlands,NLD
0.64778,1983,Feb Average,Netherlands,NLD
1.9995,1984,Feb Average,Netherlands,NLD
-0.6775,1985,Feb Average,Netherlands,NLD
-3.9134,1986,Feb Average,Netherlands,NLD
1.78083,1987,Feb Average,Netherlands,NLD
4.30973,1988,Feb Average,Netherlands,NLD
5.14754,1989,Feb Average,Netherlands,NLD
7.46705,1990,Feb Average,Netherlands,NLD
-0.5175,1991,Feb Average,Netherlands,NLD
4.86734,1992,Feb Average,Netherlands,NLD
2.06536,1993,Feb Average,Netherlands,NLD
1.55968,1994,Feb Average,Netherlands,NLD
6.29646,1995,Feb Average,Netherlands,NLD
0.00968,1996,Feb Average,Netherlands,NLD
5.829269999999998,1997,Feb Average,Netherlands,NLD
6.17405,1998,Feb Average,Netherlands,NLD
2.98667,1999,Feb Average,Netherlands,NLD
5.68041,2000,Feb Average,Netherlands,NLD
4.28884,2001,Feb Average,Netherlands,NLD
6.85602,2002,Feb Average,Netherlands,NLD
1.6744900000000005,2003,Feb Average,Netherlands,NLD
4.5654,2004,Feb Average,Netherlands,NLD
2.02981,2005,Feb Average,Netherlands,NLD
2.30944,2006,Feb Average,Netherlands,NLD
5.94267,2007,Feb Average,Netherlands,NLD
5.3417900000000005,2008,Feb Average,Netherlands,NLD
3.0404,2009,Feb Average,Netherlands,NLD
1.42751,2010,Feb Average,Netherlands,NLD
4.1421199999999985,2011,Feb Average,Netherlands,NLD
0.41553,2012,Feb Average,Netherlands,NLD
1.36028,2013,Feb Average,Netherlands,NLD
6.33894,2014,Feb Average,Netherlands,NLD
3.2708,2015,Feb Average,Netherlands,NLD
4.55318,2016,Feb Average,Netherlands,NLD
6.38664,1901,Feb Average,Portugal,PRT
8.27247,1902,Feb Average,Portugal,PRT
9.47104,1903,Feb Average,Portugal,PRT
8.70459,1904,Feb Average,Portugal,PRT
7.36112,1905,Feb Average,Portugal,PRT
7.3452600000000015,1906,Feb Average,Portugal,PRT
7.221610000000001,1907,Feb Average,Portugal,PRT
8.4937,1908,Feb Average,Portugal,PRT
7.19527,1909,Feb Average,Portugal,PRT
9.54777,1910,Feb Average,Portugal,PRT
8.79781,1911,Feb Average,Portugal,PRT
10.7285,1912,Feb Average,Portugal,PRT
8.51547,1913,Feb Average,Portugal,PRT
9.31678,1914,Feb Average,Portugal,PRT
8.021289999999999,1915,Feb Average,Portugal,PRT
8.08657,1916,Feb Average,Portugal,PRT
7.7888,1917,Feb Average,Portugal,PRT
9.14191,1918,Feb Average,Portugal,PRT
10.1774,1919,Feb Average,Portugal,PRT
9.71082,1920,Feb Average,Portugal,PRT
8.65983,1921,Feb Average,Portugal,PRT
9.19434,1922,Feb Average,Portugal,PRT
9.27988,1923,Feb Average,Portugal,PRT
6.65977,1924,Feb Average,Portugal,PRT
7.9329100000000015,1925,Feb Average,Portugal,PRT
11.522,1926,Feb Average,Portugal,PRT
8.38664,1927,Feb Average,Portugal,PRT
9.90139,1928,Feb Average,Portugal,PRT
9.27785,1929,Feb Average,Portugal,PRT
6.8423300000000005,1930,Feb Average,Portugal,PRT
8.522860000000001,1931,Feb Average,Portugal,PRT
6.91182,1932,Feb Average,Portugal,PRT
8.078330000000001,1933,Feb Average,Portugal,PRT
7.38168,1934,Feb Average,Portugal,PRT
7.672999999999999,1935,Feb Average,Portugal,PRT
9.96934,1936,Feb Average,Portugal,PRT
10.039,1937,Feb Average,Portugal,PRT
8.18885,1938,Feb Average,Portugal,PRT
9.06791,1939,Feb Average,Portugal,PRT
10.3527,1940,Feb Average,Portugal,PRT
9.31587,1941,Feb Average,Portugal,PRT
6.96595,1942,Feb Average,Portugal,PRT
8.88154,1943,Feb Average,Portugal,PRT
7.1989,1944,Feb Average,Portugal,PRT
9.78931,1945,Feb Average,Portugal,PRT
9.51751,1946,Feb Average,Portugal,PRT
8.86385,1947,Feb Average,Portugal,PRT
9.96694,1948,Feb Average,Portugal,PRT
9.73057,1949,Feb Average,Portugal,PRT
9.7303,1950,Feb Average,Portugal,PRT
8.12313,1951,Feb Average,Portugal,PRT
8.79137,1952,Feb Average,Portugal,PRT
8.04415,1953,Feb Average,Portugal,PRT
7.710269999999999,1954,Feb Average,Portugal,PRT
9.51482,1955,Feb Average,Portugal,PRT
5.98458,1956,Feb Average,Portugal,PRT
10.2236,1957,Feb Average,Portugal,PRT
10.7162,1958,Feb Average,Portugal,PRT
8.7827,1959,Feb Average,Portugal,PRT
9.7576,1960,Feb Average,Portugal,PRT
11.9136,1961,Feb Average,Portugal,PRT
8.93051,1962,Feb Average,Portugal,PRT
7.34921,1963,Feb Average,Portugal,PRT
9.88325,1964,Feb Average,Portugal,PRT
7.62522,1965,Feb Average,Portugal,PRT
10.6155,1966,Feb Average,Portugal,PRT
9.59328,1967,Feb Average,Portugal,PRT
9.23565,1968,Feb Average,Portugal,PRT
7.84405,1969,Feb Average,Portugal,PRT
9.16722,1970,Feb Average,Portugal,PRT
10.1532,1971,Feb Average,Portugal,PRT
8.716389999999999,1972,Feb Average,Portugal,PRT
8.53096,1973,Feb Average,Portugal,PRT
8.92147,1974,Feb Average,Portugal,PRT
10.1992,1975,Feb Average,Portugal,PRT
9.7857,1976,Feb Average,Portugal,PRT
9.9923,1977,Feb Average,Portugal,PRT
10.1599,1978,Feb Average,Portugal,PRT
9.72182,1979,Feb Average,Portugal,PRT
10.0921,1980,Feb Average,Portugal,PRT
8.82057,1981,Feb Average,Portugal,PRT
9.90849,1982,Feb Average,Portugal,PRT
7.83418,1983,Feb Average,Portugal,PRT
8.70251,1984,Feb Average,Portugal,PRT
11.0093,1985,Feb Average,Portugal,PRT
8.6547,1986,Feb Average,Portugal,PRT
9.38451,1987,Feb Average,Portugal,PRT
9.3269,1988,Feb Average,Portugal,PRT
10.4866,1989,Feb Average,Portugal,PRT
11.9853,1990,Feb Average,Portugal,PRT
8.008980000000001,1991,Feb Average,Portugal,PRT
9.48668,1992,Feb Average,Portugal,PRT
9.56576,1993,Feb Average,Portugal,PRT
9.14091,1994,Feb Average,Portugal,PRT
10.6086,1995,Feb Average,Portugal,PRT
8.245389999999999,1996,Feb Average,Portugal,PRT
11.0999,1997,Feb Average,Portugal,PRT
11.5993,1998,Feb Average,Portugal,PRT
9.08999,1999,Feb Average,Portugal,PRT
11.5877,2000,Feb Average,Portugal,PRT
10.5749,2001,Feb Average,Portugal,PRT
10.5031,2002,Feb Average,Portugal,PRT
9.0206,2003,Feb Average,Portugal,PRT
9.72434,2004,Feb Average,Portugal,PRT
7.4261,2005,Feb Average,Portugal,PRT
8.47102,2006,Feb Average,Portugal,PRT
11.0317,2007,Feb Average,Portugal,PRT
11.663,2008,Feb Average,Portugal,PRT
9.60579,2009,Feb Average,Portugal,PRT
8.887189999999997,2010,Feb Average,Portugal,PRT
9.71835,2011,Feb Average,Portugal,PRT
8.53323,2012,Feb Average,Portugal,PRT
9.006219999999997,2013,Feb Average,Portugal,PRT
9.6012,2014,Feb Average,Portugal,PRT
8.886519999999997,2015,Feb Average,Portugal,PRT
10.1133,2016,Feb Average,Portugal,PRT
-7.1036,1901,Feb Average,Switzerland,CHE
-2.3236,1902,Feb Average,Switzerland,CHE
-0.3194,1903,Feb Average,Switzerland,CHE
-1.3057,1904,Feb Average,Switzerland,CHE
-2.4496,1905,Feb Average,Switzerland,CHE
-3.2393,1906,Feb Average,Switzerland,CHE
-4.5551,1907,Feb Average,Switzerland,CHE
-1.9844,1908,Feb Average,Switzerland,CHE
-4.8786,1909,Feb Average,Switzerland,CHE
-0.9827,1910,Feb Average,Switzerland,CHE
-2.0998,1911,Feb Average,Switzerland,CHE
0.88533,1912,Feb Average,Switzerland,CHE
-2.2733,1913,Feb Average,Switzerland,CHE
-0.1687,1914,Feb Average,Switzerland,CHE
-2.4335,1915,Feb Average,Switzerland,CHE
-1.1495,1916,Feb Average,Switzerland,CHE
-4.7584,1917,Feb Average,Switzerland,CHE
-1.3581,1918,Feb Average,Switzerland,CHE
-2.7393,1919,Feb Average,Switzerland,CHE
0.17205,1920,Feb Average,Switzerland,CHE
-1.6597,1921,Feb Average,Switzerland,CHE
-2.4774,1922,Feb Average,Switzerland,CHE
-0.0417,1923,Feb Average,Switzerland,CHE
-3.985,1924,Feb Average,Switzerland,CHE
-0.0822,1925,Feb Average,Switzerland,CHE
1.90378,1926,Feb Average,Switzerland,CHE
-2.2619,1927,Feb Average,Switzerland,CHE
-0.0778,1928,Feb Average,Switzerland,CHE
-7.1483,1929,Feb Average,Switzerland,CHE
-2.4217,1930,Feb Average,Switzerland,CHE
-3.4651,1931,Feb Average,Switzerland,CHE
-5.7301,1932,Feb Average,Switzerland,CHE
-2.3693,1933,Feb Average,Switzerland,CHE
-2.2998,1934,Feb Average,Switzerland,CHE
-1.065,1935,Feb Average,Switzerland,CHE
-1.5164,1936,Feb Average,Switzerland,CHE
0.47488,1937,Feb Average,Switzerland,CHE
-2.2015,1938,Feb Average,Switzerland,CHE
-0.9255,1939,Feb Average,Switzerland,CHE
-2.6535,1940,Feb Average,Switzerland,CHE
-1.828,1941,Feb Average,Switzerland,CHE
-5.6973,1942,Feb Average,Switzerland,CHE
-0.0792,1943,Feb Average,Switzerland,CHE
-4.0838,1944,Feb Average,Switzerland,CHE
0.36009,1945,Feb Average,Switzerland,CHE
0.35794000000000004,1946,Feb Average,Switzerland,CHE
-4.3913,1947,Feb Average,Switzerland,CHE
-1.4052,1948,Feb Average,Switzerland,CHE
-1.1412,1949,Feb Average,Switzerland,CHE
0.5109,1950,Feb Average,Switzerland,CHE
-0.6537,1951,Feb Average,Switzerland,CHE
-3.5094,1952,Feb Average,Switzerland,CHE
-2.8368,1953,Feb Average,Switzerland,CHE
-3.8493,1954,Feb Average,Switzerland,CHE
-2.1221,1955,Feb Average,Switzerland,CHE
-8.4426,1956,Feb Average,Switzerland,CHE
1.05996,1957,Feb Average,Switzerland,CHE
0.6570199999999999,1958,Feb Average,Switzerland,CHE
-0.8394,1959,Feb Average,Switzerland,CHE
-1.0701,1960,Feb Average,Switzerland,CHE
1.75656,1961,Feb Average,Switzerland,CHE
-2.1945,1962,Feb Average,Switzerland,CHE
-6.1589,1963,Feb Average,Switzerland,CHE
-0.6528,1964,Feb Average,Switzerland,CHE
-4.7746,1965,Feb Average,Switzerland,CHE
2.48529,1966,Feb Average,Switzerland,CHE
-0.6047,1967,Feb Average,Switzerland,CHE
-0.8809,1968,Feb Average,Switzerland,CHE
-3.9583,1969,Feb Average,Switzerland,CHE
-2.0343,1970,Feb Average,Switzerland,CHE
-1.8382,1971,Feb Average,Switzerland,CHE
0.59131,1972,Feb Average,Switzerland,CHE
-2.2567,1973,Feb Average,Switzerland,CHE
0.5139,1974,Feb Average,Switzerland,CHE
-0.6394,1975,Feb Average,Switzerland,CHE
-0.7075,1976,Feb Average,Switzerland,CHE
1.10468,1977,Feb Average,Switzerland,CHE
-2.699,1978,Feb Average,Switzerland,CHE
-0.8461,1979,Feb Average,Switzerland,CHE
0.3923,1980,Feb Average,Switzerland,CHE
-3.0014,1981,Feb Average,Switzerland,CHE
-1.8158,1982,Feb Average,Switzerland,CHE
-3.4941,1983,Feb Average,Switzerland,CHE
-2.8372,1984,Feb Average,Switzerland,CHE
-2.8668,1985,Feb Average,Switzerland,CHE
-6.3203,1986,Feb Average,Switzerland,CHE
-1.6684,1987,Feb Average,Switzerland,CHE
-0.9011,1988,Feb Average,Switzerland,CHE
0.48181,1989,Feb Average,Switzerland,CHE
3.16209,1990,Feb Average,Switzerland,CHE
-3.7325,1991,Feb Average,Switzerland,CHE
-0.6076,1992,Feb Average,Switzerland,CHE
-2.202,1993,Feb Average,Switzerland,CHE
-0.8743,1994,Feb Average,Switzerland,CHE
1.80981,1995,Feb Average,Switzerland,CHE
-2.9814,1996,Feb Average,Switzerland,CHE
1.4135799999999998,1997,Feb Average,Switzerland,CHE
1.42275,1998,Feb Average,Switzerland,CHE
-2.6896,1999,Feb Average,Switzerland,CHE
0.8281200000000001,2000,Feb Average,Switzerland,CHE
0.38287,2001,Feb Average,Switzerland,CHE
2.11139,2002,Feb Average,Switzerland,CHE
-3.696,2003,Feb Average,Switzerland,CHE
-0.743,2004,Feb Average,Switzerland,CHE
-3.8561,2005,Feb Average,Switzerland,CHE
-2.5324,2006,Feb Average,Switzerland,CHE
1.92527,2007,Feb Average,Switzerland,CHE
1.00948,2008,Feb Average,Switzerland,CHE
-2.1627,2009,Feb Average,Switzerland,CHE
-1.8705,2010,Feb Average,Switzerland,CHE
-0.1388,2011,Feb Average,Switzerland,CHE
-5.3323,2012,Feb Average,Switzerland,CHE
-3.5657,2013,Feb Average,Switzerland,CHE
1.28477,2014,Feb Average,Switzerland,CHE
-1.6303,2015,Feb Average,Switzerland,CHE
1.05076,2016,Feb Average,Switzerland,CHE
